IDE,Cota do centro da UEO (mm),E,Milho_2005_2006,Soja_2006_2007,Milho_2007_2008,Girassol_2008_2009,Trigo_2009_2009,Milho_2009_2010
1,0.975716306825406,0,0.427228944570724,0.714781600358597,0.776433113120068,0.769132772128439,0.357955308679207,0.380316712986031
2,0.976643838952712,0,0.488837686209402,0.989582929868166,0.891013279156594,0.661117390365135,0.770407964088404,0.428328474934833
3,0.934904893223962,0,0.47736863677444,0.787274400343859,0.768872899164099,0.710964808346058,0.694187088311654,0.746549098926721
4,0.896876076004434,0,0.912469466534283,0.992732756879076,0.959792373731318,0.958322071236278,0.511383049970257,0.70508965466511
5,0.866267515803351,0,1.03945178995225,0.972472127118187,0.944255983334585,1.11324778942837,-0.191872535496784,0.34192820554381
6,0.890383351113295,0,0.62519471090464,0.886594825786499,0.945108702170863,0.934666593585922,0.120447770972332,0.503325897970742
7,0.950672939388156,0,1.18465992888533,0.785969886269207,0.634501706431413,0.791071989049378,0.41700210070933,0.401038108849143
8,0.912644122168628,0,0.629433272652342,0.766070545917704,0.914867607924276,0.879099096682231,0.641005448074768,0.924553327523327
10,0.918209314932462,0,0.687526501312042,0.864738012873499,1.03250740155775,0.794502139982345,0.468062135602174,1.10609712986412
11,0.933049828969351,0,0.847021086606508,0.897107273749679,0.902455065985506,0.855481547445786,0.51987808767555,1.23247190144735
12,0.939542553860489,0,0.453557892838813,0.865202278490886,0.80485602981081,0.603276559152723,0.765509415292237,0.443566045299309
13,0.938615021733184,0,0.917730269644668,1.03899882142583,0.653493369888629,0.587370330569313,0.841775029700884,0.574715385419786
14,0.920064379187073,0,0.701538687795628,0.716310676094579,1.03358662197224,1.20405078285425,0.395204776451391,0.554371606270986
15,0.927484636205517,0,0.989711021207138,0.946343378785521,1.0955216392726,1.10075274757097,0.67630257166027,0.825037139072738
16,0.940470085987795,0,0.904840055388416,1.04822070999283,1.01465870253061,0.642428164411093,0.770344832907823,0.50194355553876
18,0.937687489605878,0,0.783392794958631,0.654812143658098,0.596537283032158,0.510773898678514,0.226866394790765,0.517290504851508
19,0.961803324915823,0,0.717944415030856,0.889285702944188,0.833555857453558,0.760120032773129,0.411690962307836,0.568987004244368
20,0.941397618115101,0,1.04054882946342,0.806119127812394,0.727977102557778,1.09802427229533,-0.116614948744377,0.427195897784279
21,0.961803324915823,0,1.17623267082225,1.04823005506034,1.00344273607215,0.705351403087413,0.851254068760105,0.620501349469417
22,0.965513453425045,0,1.08622556547396,0.944949727936078,0.890779693017744,0.586196920263975,0.321386862303775,0.858119584556633
23,0.977571371080017,0,0.581986313794227,0.84954267706458,0.808949270963121,0.866753397954597,1.2196805964035,0.83101799270405
24,0.948817875133545,1,0.525763038846749,0.909646728945199,0.837983554582894,0.642655734894549,0.248364550160178,0.841298339877432
25,0.952528003642767,1,0.983777034760354,0.805319249585702,0.772217799538238,0.422192087992229,0.209471517610767,0.95161237806283
26,0.943252682369712,1,1.13337333173812,0.748720618149589,0.89711727529681,0.81098203582614,-0.100505561587742,0.877194381360649
27,0.959020728533906,1,0.840937503862746,0.980269585408479,1.1668953179408,1.12033803230363,0.122134500244413,1.18744399174764
28,0.973861242570795,1,0.834355266795724,0.949161095808423,1.15228560851224,0.751683331204076,0.02189602132754,1.03379741756079
29,0.971078646188878,1,0.937127922819451,0.8564423428584,0.959774134393703,0.877705227471047,0.220184762965292,1.01286538532454
30,0.923774507696295,1,0.623449420773231,0.922714134584454,0.960317601939853,0.309307646093257,0.835741113846199,0.972205967991789
31,0.90615139727749,1,0.678750185222681,0.832828771408654,1.15377248067692,0.5857465203488,0.567837901076115,0.931939318450634
32,0.898731140259045,1,0.951788359923273,0.75027357293099,1.03928150176559,0.770474489770498,1.05150029124227,1.09028518352501
33,0.915426718550545,1,1.2116121950575,0.776727760007824,1.03527392248835,0.705180725224815,0.987756937054098,1.20853024193114
34,0.932122296842045,1,0.719290781703656,0.972484156775345,1.16068524072309,1.04481544863166,1.30322170655149,1.02241422665728
35,0.933049828969351,1,0.750107618881077,1.03415203533552,0.988600377165403,0.919801025859158,1.3881331444248,1.15737833959376
36,0.913571654295934,1,0.702386400145169,0.74594141051573,0.790647534719168,0.416922408984641,1.2431310959596,1.10090333602346
37,0.895021011749823,1,0.880331195400225,0.875984926198709,1.01162444992249,0.834516616657158,0.794758870036213,0.712815771352749
38,0.900586204513656,1,1.47592391910105,0.931081795974781,1.0676552182263,0.980318180778077,0.850015388601603,0.955751352083471
39,0.912644122168628,1,1.03680892203897,0.807272054029903,0.974331254583654,1.12505063773192,1.40642991928425,1.15659983356446
40,0.935832425351267,1,0.575030085984762,1.00362642275018,0.999281782869092,0.792795361356405,1.4550275067374,0.893258754656926
41,0.946962810878934,1,0.726571134823242,0.926467132990466,1.04188867117233,1.21473000189572,1.33727940433463,1.23251239531756
42,0.908933993659406,1,0.753174342969121,0.748009933473102,0.913262512153884,0.709357591806631,0.461100224532759,0.874878245731945
43,0.917281782805156,1,0.538304195076718,0.853920817369474,1.17310813701972,0.897838103679533,1.14551720059841,0.715634758951642
44,0.909861525786712,1,1.04468766034647,0.915111040494607,1.13292105193048,0.987100255290321,0.602884405473643,1.07419933482791
45,0.908933993659406,1,1.18191733010741,0.976870212091413,1.06457220817319,1.18060865253213,0.723982768611445,1.00755638869809
46,0.930267232587434,1,0.805308652465874,1.00903091523238,0.917977321321342,0.899734524375018,0.928957533088535,0.874218081900832
47,0.933977361096656,1,0.841037234727397,0.98509436643805,1.09121518009328,0.644168130399201,1.02616182141985,0.867221742102069
48,0.909861525786712,2,0.634170488723307,0.932781288268705,0.869464702394694,0.848964971830915,0.70644398216549,0.777406519989866
49,0.902441268768267,2,0.965750680974532,1.00033537484948,1.15155715900049,0.83279087382426,0.640646461978403,0.648941354729624
50,0.898731140259045,2,1.11798984586558,0.928372929419544,1.20337176221277,1.05935388378844,0.334497601232418,0.914712953074494
51,0.913571654295934,2,0.957473019208429,0.837264422087861,1.0968353654564,0.676336166446432,0.591115908351427,0.832786937849634
52,0.917281782805156,2,0.796632067241164,0.891341363588321,0.98759920612933,0.810408368565756,0.072386301458161,0.77675365870501
53,0.921919443441684,2,1.04720586467893,0.942326801217696,1.19006028149162,0.921548103424881,0.236780724168538,0.988532595971033
54,0.904296333022878,2,0.796058614769415,0.821273888360287,0.945747896436648,0.377635683751719,0.909107499208857,0.805687893925962
55,0.891310883240601,2,1.09203488833993,0.866990377953309,0.967726894317921,1.11079903620532,0.780382027824699,0.553685439915357
56,0.896876076004434,2,0.884470026283276,0.682982729239603,1.11661191648779,0.906940923017874,0.449573481721455,0.402156103656552
57,0.887600754731378,2,0.984325554515938,0.697908885523365,0.95068299116156,1.1193187061798,0.63421975750546,0.378948202168139
58,1.19275882461491,2,0.576176990928258,0.958200774094095,1.13631699179559,0.655340418821502,1.30966307535377,0.954374446749788
59,0.911716590041323,2,0.47644612627641,0.972575187375058,1.02977073455698,0.928370476876903,1.11140333097743,1.05019211164096
60,0.909861525786712,2,0.713606122418501,0.818579518885984,0.876170170921315,0.426530150333161,1.08919482555258,0.949361965350425
61,0.878325433458323,2,1.14970426082486,0.724465482701949,1.05969394320516,0.923790620897295,0.747230618734879,0.664170098340368
63,0.896876076004434,2,0.507686819628603,0.941051495581838,1.14148219849981,0.653057602409306,0.885359570599923,0.792344663208502
64,0.913571654295934,2,0.595075989779783,1.02665534026191,0.965167307272801,0.860763079082723,1.26726162272062,0.978986416314028
65,0.891310883240601,2,0.716897240952013,0.715177884078563,0.873424069193146,0.680152713096105,0.94507868484838,0.585835388916352
67,0.86441245154874,2,1.45415765789079,0.964969613322334,1.11980773454497,0.71608040317214,0.409707218229506,0.362201074921027
68,0.878325433458323,2,1.07951866482613,0.962852376256629,1.05529604891506,0.741952322510346,1.01737664540173,0.449384536710606
69,0.904296333022878,2,0.986519633538279,1.0043882055569,0.899108922407217,0.601889801519149,0.411213915932835,0.774145853464027
70,0.919136847059767,2,0.888359530004699,1.05648537625366,0.959932259743603,0.567050182817148,1.21782734000156,1.05076853505847
71,0.949745407260851,3,0.6169419818547,0.931361892654369,0.66233181910442,0.577188921960403,0.335253684111588,0.76768121183063
72,1.04991887700985,3,0.637561338121468,0.913038912684168,0.764158089996641,0.717019131416406,0.423816125745509,1.05161699538602
73,0.977571371080017,3,0.628635425735128,1.00092627894846,0.596650056975834,0.664658956013958,0.25488495721216,0.718550545099808
74,0.985919160225767,3,0.240657429523283,0.990006017344837,0.609853889841664,0.505326430230724,0.325516900823017,0.871503900627793
75,1.04806381275524,3,0.398107532092385,0.970873710679184,0.57511857852856,0.511034656524144,0.293026132197636,0.657173258055571
76,0.964585921297739,3,0.733776689794337,0.948171648149152,0.674231650027131,0.748321925521321,0.398623470723366,0.565496591878548
77,0.959020728533906,3,0.679124175965125,0.868629375575271,0.852705390807765,0.754511368566223,0.870980408607497,1.16243966388039
78,1.04435368424602,3,0.578321204518272,0.968125087234944,0.640980060292848,0.585170482562543,0.578128614907106,1.10568438812982
79,1.02765810595452,3,0.198969928098811,0.810987962943861,0.586179791615499,0.430692793759761,0.40300885084173,0.923382326694811
80,0.985919160225767,3,0.733153371890264,0.888789350773135,0.869286907170896,1.05616315596829,0.197461763273543,0.549214370660334
81,1.04806381275524,3,0.611207457137219,0.849705291611644,0.616310802689039,0.670499931756064,0.559746173852506,0.636488124680717
82,0.980353967461934,3,0.748960713937581,0.942546907028869,0.56658147859295,0.87675938764917,0.633758286802309,0.859534845320179
83,1.03971602360949,3,0.634345017736446,0.720085126819045,0.766683003567082,0.633216300882756,0.879132615833507,0.699162967272532
84,1.08702016210207,3,0.722906025547286,1.02809303200126,0.684616185391622,0.645064189177822,1.05062407685151,0.676332546002243
85,1.03878849148218,3,0.19348473054296,0.953575656374895,0.484528437844316,0.765851964325245,0.552667279545593,0.713389009859119
87,1.0916578227386,3,0.46684703055367,0.927660108292414,0.670265641453077,0.737614260169415,0.667571247699074,0.633136965729661
88,1.03507836297296,3,0.797255385145237,1.03785619601073,0.560458238333682,0.627228352536748,0.656301089226663,0.586500694104018
89,1.00539733489918,3,0.45186246813973,0.850800551554935,0.550299387098095,0.469450891723815,0.453229125043882,0.675833333930499
90,1.10278820826627,3,0.276735069811089,0.830169445187155,0.667096220196371,0.67474317306222,0.782674468463159,0.78615483390771
91,1.09629548337513,3,0.424885269251406,0.942724045305764,0.66367926507205,0.497195526498816,0.842087123083076,0.644384383871296
92,1.01838278468146,3,0.359237427594329,0.871120587236349,0.558762541932007,0.776220644477829,0.651517038188455,0.482104562056199
93,1.11206352953932,3,0.667754857394816,1.00267755882365,0.605666488747556,0.682641765258933,1.0287365296859,0.775961571304628
94,1.07125211593788,3,0.395838654921556,1.05776026755909,0.764290925508673,0.901998376580257,0.919561094799711,0.715020526089033
95,0.991484352989601,3,0.429348225444576,0.840599300908709,0.982104976079924,0.707788303681116,-0.020613466816723,0.827898099250576
96,1.04528121637332,3,0.531821688874349,0.817665092471987,0.651257441677633,0.575930172723777,0.23084249927653,0.816575103167601
97,0.989629288734989,3,0.512698295577358,0.883830872810649,0.539574367067953,0.633339568227961,0.171951215416931,0.659692659263068
98,1.01652772042685,3,0.424461413076636,0.890147234157064,0.740533226060897,0.561318251265032,0.172744414790716,0.599928984698266
99,1.07681730870171,3,0.578420935382925,1.02421393576697,0.580595488870819,0.541405833962398,0.508301718122562,0.769323829750803
100,0.993339417244212,3,0.571265245844154,1.03822237929137,0.734727803279265,0.631793985361137,0.613822255330187,0.727588958923726
101,0.956238132151989,3,0.558998349491977,0.772355459548063,0.839217392127349,0.454234486168384,0.582048216157767,1.00318559864523
102,0.998904610008045,3,0.253223518469416,0.970707441329838,0.542703580036979,1.19816002606888,0.847840014049959,0.93482878358317
103,0.946035278751628,3,0.166806724248592,0.773723613358798,0.620276726112124,0.58265298408928,0.765576026144187,0.790329114943267
104,0.976643838952712,3,0.401872372232993,1.00853415710277,0.552513107936309,0.699816225182452,0.631362284515921,0.72525262185865
105,1.00168720638996,3,0.379009071511558,0.958184388365661,0.906399548394534,0.621017574759022,1.26361807539867,1.0021933623291
106,0.848644405384545,3,0.506365385671966,0.744622669635785,0.776133926674505,0.743495534851299,0.620404965069561,0.96065106487913
107,0.991484352989601,4,0.306055944018731,0.893305466023306,0.752557700972401,1.1059726455353,0.391016163464083,0.923653044141663
108,1.01838278468146,4,0.537232088281711,0.913460441671738,0.758193775506386,0.514154268568226,0.305851455224599,0.897320949569739
109,0.945107746624323,4,0.523693623405223,0.927160579828813,0.732759862198698,0.808971829888922,0.438199927299761,0.821784980809514
110,1.02765810595452,4,0.772048409104484,0.845055138750949,0.746733749339858,0.565367109449899,0.120446611081875,0.590716742974231
111,0.987774224480378,4,0.405761875954415,0.822983431692184,0.566064407847266,0.532284050417098,0.304686262411467,0.636876592842268
112,0.923774507696295,4,0.479438052215966,0.918620476797083,0.688022224161686,0.720795379126301,0.288812747264145,0.686522032210687
113,1.01652772042685,4,0.610260013923025,0.905769300004993,0.935579899986964,0.720354461314597,0.538745611489035,0.985662308553431
114,1.03971602360949,4,0.634070757858654,0.884235194634609,0.330726372955015,0.391564893760088,0.801154091768176,1.05765267498766
115,0.965513453425045,4,0.274815250666541,0.872113869488672,0.561033126587488,0.479606224548156,0.381105065209725,1.0162071533376
116,1.03044070233643,4,0.786185259168883,0.93558058762623,0.64516080258116,0.663046998422793,0.382461639948221,0.859110137419733
117,1.03136823446374,4,0.540273879653593,0.836738477422392,0.631935188097395,0.752603095241384,0.281973370336555,0.819228202394857
118,0.929339700460128,4,0.429497821741555,0.942257712400709,0.584087291697113,0.849787544307581,0.756243216131839,1.1520027783245
119,1.0415710878641,4,0.4049640290372,0.87347029230331,0.907631716979993,0.769979049863801,1.12970747942621,0.747135759558607
120,1.08145496933824,4,0.49302638252478,0.949582979083588,0.624391220946361,0.484868791978139,1.35105442909771,0.730872010825002
121,0.946035278751628,4,0.434758624851938,0.810021537603538,0.530373549387415,0.836180725817449,0.489625659083758,0.628640048645804
122,1.05177394126446,4,0.366717242443217,0.94838578552181,0.696151025199735,0.50292508752506,0.308989787403312,0.390627089321583
123,1.08145496933824,4,0.539126974710097,0.853998213576601,0.691750133595518,0.591016199356388,0.471087461310671,0.804647337957973
124,0.965513453425045,4,0.449419061955761,1.09818925065974,0.750673582505965,1.07826356864834,1.04314112641905,0.884351013187187
125,1.06012173041021,4,0.597045674356656,0.88266418814026,0.78606280217234,0.610151084173871,0.638061646095511,0.661418994847476
126,1.1074258689028,4,0.588144694686478,0.804876041355041,0.694019032261807,0.615491878957543,1.29800120530426,0.819877037042061
127,1.03415083084566,4,0.471758775637774,0.838174998408119,0.672872844920202,0.557195906778214,0.808188247443192,0.653437675780109
128,1.08052743721093,4,0.716622981074219,0.859706047424575,0.787462888469161,0.365586300757758,0.748630855064133,0.736225072971999
129,1.10649833677549,4,0.318946158274983,0.945651785048082,0.734633387884559,0.574261322511743,0.91585052237922,0.837071735301728
130,0.990556820862295,4,0.516587799298779,0.976302736273572,0.736890637898255,0.85354719833639,1.08245544775222,0.963663922568957
131,1.05548406977368,4,0.518482685727165,0.973218921630488,0.629041008833699,0.772721748294655,0.033674377518642,0.842533016179371
132,1.07774484082902,4,0.359137696729677,0.811622759788286,0.623912229714127,0.600337107074715,0.174112257036507,0.817692915980086
133,0.961803324915823,4,0.508709060991284,1.01107252553123,0.57972803891686,0.679844544733087,0.159011808878614,0.704375643086378
134,1.06568692317405,4,0.697624251358042,0.949506582628023,0.722960007449476,0.739468011399256,0.079500158177411,0.721848543334076
135,1.05084640913716,4,0.567151347677265,0.90142669098189,0.686687721141381,0.768850679549985,0.446163072381314,0.809853075215406
136,0.941397618115101,4,0.572212689058346,1.01514286069048,0.695118297214457,1.00707193573969,0.445240959468191,0.88447481523305
137,0.926557104078212,4,0.373847999265824,0.804024265674399,0.7720794462434,0.682878817845866,0.804720009278849,0.943244661026152
138,1.01096252766302,4,0.474052585524768,0.752284624919105,0.626615040689527,0.631059122341636,0.947876340630078,0.905781916254707
139,0.887600754731378,4,0.365445673918906,0.790852044954876,0.609518735626689,0.533867561697833,0.772192786953397,0.749270628244748
140,0.976643838952712,4,0.627388789926981,0.927185970345567,0.797913552076374,0.58889931975505,0.882941364696225,0.876022493306888
141,0.986846692353073,4,0.633322776373766,0.862647763201635,0.926346299183262,0.649184163138769,1.02901076092961,0.965550186191295
142,0.868122580057962,4,0.924661564737971,0.8053273590901,0.740466144127322,0.636814759152443,0.872889505450005,0.902971550665257
143,0.891310883240601,5,0.523668690689059,0.930719508470235,0.619637140151883,0.646794673062454,0.203327080765412,0.756559183640554
144,0.80597792752849,5,0.764867786849551,1.0280769683878,0.73055903321723,0.785185973315751,0.32913128518491,0.805957974390588
145,0.73919561436249,5,0.542517824108258,1.01135936771175,0.811967975004251,0.749850914707059,0.472846269489708,0.852215123293935
146,0.887600754731378,5,0.56844784891774,1.08852675179203,0.922158915119347,0.381608685108769,0.326494522779427,0.638516185096858
147,0.723427568198295,5,0.740508523158337,1.02736293755828,0.909805042198393,0.197945081802413,0.234574115423875,0.568695289133361
148,0.901513736640962,5,0.531323034551089,1.00945002005188,0.841076391057854,1.23050348103044,0.687736440385715,0.745083471068441
149,0.839369084111489,5,0.555083913054392,1.01174585822497,0.790741677630775,0.905091912839776,0.670827474457782,0.975869161786925
150,0.743833274999018,5,0.566054308166095,0.87208962902278,0.504989057702282,0.909358859404624,0.720840045418859,1.03085164774918
151,0.893165947495212,5,0.776237105419862,1.12076670174043,0.907405743337793,0.706821129126415,0.566897395614328,0.893086610209838
152,0.809688056037712,5,0.775439258502647,1.01117239753451,0.941329906517808,0.597682118101032,0.525228496653937,0.991954600995452
154,0.936759957478573,5,0.749708695422469,1.08827938893153,0.698341108128884,1.30279977899422,1.06436778457227,0.619224768836629
155,0.862557387294129,5,0.539301503723237,1.09704545319011,0.853249250048374,0.715618150627616,1.01236674712172,1.00633206335735
156,0.78928234923699,5,0.693784613068948,0.981603089076235,0.763035101983957,0.684789461696572,0.816093812248494,0.952942942939433
157,0.917281782805156,5,0.600212129309353,0.942475170820981,0.925832396053636,0.644151536718114,0.702523718120287,0.746245303902747
158,0.845861809002628,5,0.904740324523765,1.11135394797967,0.908096402849393,0.405716933200172,0.806557275762354,0.676022540401548
159,0.752181064144768,5,0.715276614401419,0.925742127145193,0.910463565734197,0.444659932182037,0.803197901602308,0.636668982134708
160,0.964585921297739,5,0.626566010293602,0.874345126435048,0.595783679924087,0.705410666234144,1.55485198761052,0.867081651510665
161,0.846789341129934,5,0.494073556603625,0.871474045895075,0.719707070122128,0.884942442950204,0.999956747727598,0.689681145569909
162,0.820818441565378,5,0.913267313451498,0.897228273793879,0.807249078590267,0.878584692568577,1.10122429802757,0.777129705713118
163,0.935832425351267,5,0.501079649845417,0.929001344812401,0.714533876256994,0.471570141851024,0.598102839914976,0.838085492517414
164,0.848644405384545,5,0.807801924082169,1.10532506570066,0.93671475804476,0.803017068905087,0.374295596886055,0.947877387270867
165,0.800412734764656,5,1.10744330692864,0.954401553284396,0.821788538469197,0.225153977730939,0.442846862716125,0.785637240348819
166,0.908006461532101,5,0.838494097678775,1.02883572088239,0.736953206830461,1.02633482895412,0.404009339210002,0.66604569251039
167,0.85606466240299,5,0.492078939310588,0.918704075961579,0.821220479323125,1.08158230486545,0.764715221726629,0.820932038857003
168,0.790209881364295,5,0.829094463685339,0.878539654840837,0.667057033720321,0.729862640576603,0.905607529755591,0.610031295338951
169,0.903368800895573,5,0.656410471540667,1.06848102230133,0.830755003652161,0.900900823102746,0.813624985411284,0.522470671822366
170,0.835658955602267,5,0.68169224572991,1.06626088762032,0.789849125171078,0.89627355660575,0.581835624806905,0.634366473375807
171,0.761456385417823,5,0.827149711824628,1.00540569049712,0.883576619257009,0.400952176202756,0.715795184726504,0.616133585082139
172,0.867195047930656,5,0.629383407220018,0.934282631536667,0.768435887359706,1.01431152174471,1.14729647255908,0.739530987985385
173,0.82267350581999,5,0.645390210996639,1.00751996533531,0.760598234515723,1.02765047081161,1.4012698980394,0.953709278058315
174,0.767949110308962,5,0.55869915689802,0.987134564670204,0.68372797563136,0.700795252366501,1.31626633172409,0.985108725498664
175,0.860702323039517,5,0.66266858329757,0.903763379458909,0.803380942540272,0.813577761653093,1.16644742389061,0.834499874057891
176,0.820818441565378,5,0.700242186555153,0.936502937741483,0.65219025351559,0.378690567763585,0.791797586850785,0.821050904290601
177,0.865339983676045,6,0.555732163674629,0.973238385017815,0.539071192960452,0.951886093500962,0.225008250279038,0.717605763959655
178,0.785572220727767,6,0.452410987895317,1.01258528002912,0.858336560645922,0.756763368142113,0.042555824444673,0.784614747376864
179,0.69745666863374,6,0.70904343536068,0.992463645233213,0.855552839219537,0.969110334467741,0.173265537003073,0.693228226604645
180,0.843079212620712,6,0.65987611908732,0.982882954515949,0.917788831135808,0.75982371703946,0.500078757578696,0.860986368571985
181,0.762383917545129,6,0.926730980179497,1.06125384167616,0.977113852017243,0.283973836127396,0.274391249270047,0.718735497439548
182,0.666848108432657,6,0.557552251954525,0.974904219226434,0.788009012725553,0.132267292065895,0.030883598230365,0.628755205932862
183,0.879252965585629,6,0.493824229441995,0.93563639947427,0.703912450896044,1.11619198255812,0.334539025891589,0.839462261354904
184,0.795775074128129,6,0.653493343749602,0.937107162899189,0.842331618525787,0.788348254825483,0.507720115907815,1.05396366066293
185,0.704876925652184,6,0.754121786183313,0.832118570256593,0.685991611967749,1.11403717454287,0.581567690111399,1.08263070458865
186,0.849571937511851,6,0.706375634731243,0.986179658029346,0.97123836701811,0.663765267761208,0.4573044001637,0.999415300838347
187,0.780007027963934,6,0.811865956816732,0.85487260097293,0.961796640215367,0.509972660934672,0.41821327489414,0.845531701014625
188,0.683543686724156,6,0.741231571927063,0.803128391052177,0.939506824266131,0.593853718822011,0.295399516620117,1.13298838108531
189,0.907078929404795,6,0.690493494535436,0.977603945989048,0.568869740589647,0.933125751770837,0.824819088209455,0.875095706914673
190,0.835658955602267,6,0.601633294130641,0.971045050784992,0.633312624236397,0.968802166104723,0.855975817110931,0.852447621807115
191,0.733630421598656,6,0.823285140819369,0.954271617312098,0.763833732924568,0.898447328827957,0.645527032472477,0.952987577194114
192,0.882963094094851,6,0.881054244168951,1.00297805726577,0.8583626509029,0.887090139387848,0.501555132431511,0.791778886493944
193,0.82267350581999,6,0.666782481464459,0.964147345315929,0.689707957899958,0.666692867209873,0.657713835802994,0.596110253492699
194,0.701166797142962,6,0.930570618468593,0.886782730314182,0.902362268459216,0.582724099865364,0.303884943804484,0.887842767765559
195,0.911716590041323,6,0.854301439726094,0.829765071573065,0.806003319910118,0.784621788158848,1.15946032662841,0.831497276331808
196,0.841224148366101,6,0.501553371452513,0.845477098937034,0.684724241971604,0.991398018691475,0.787775500993347,0.554859762151201
197,0.767949110308962,6,0.774566613436942,0.93848802533644,0.877369794806324,0.570563302155542,0.389502257870059,0.798259316186846
198,0.884818158349462,6,0.906360951074357,0.990926274192034,0.718366759805721,1.08409980333871,0.212754836096575,0.895017826577975
199,0.839369084111489,6,0.746791567631402,1.08074762760102,0.934789102935524,0.781329127726306,0.512904826249523,0.831236796099332
200,0.742905742871712,6,0.985721786621064,0.942776061097921,0.80617481396219,0.23483283485554,0.301949583728066,1.06887648383801
201,0.891310883240601,6,0.749135242950722,0.941612879819846,0.801585244840307,1.08325115507748,0.831669235548429,0.764090861503127
202,0.744760807126323,6,0.90790677947646,0.848846471232897,0.583065718488808,0.819008636419797,0.694932897875349,0.628530396705145
203,0.878325433458323,6,0.788603732636689,0.866995953889963,0.747365978256357,0.884823916656738,0.678633951478353,0.524120546790061
204,0.816180780928851,6,0.911995744927187,0.836356123532699,0.82699609926552,0.558118041341394,0.347827725156025,0.476371403514073
205,0.713224714797934,6,0.829144329117665,0.859855022548387,0.718516353028502,0.574830248720389,0.184492448131306,0.758584787125246
206,0.804122863273878,6,0.924437170292505,0.946906290956993,0.994744121778064,0.853689429888548,1.04928224929168,0.82469783228956
207,0.716934843307156,6,0.785138085090038,0.92359426481882,0.750903592304107,0.856448722000487,1.10222346080675,0.929806633703562
208,0.828238698583823,6,0.711287379815345,0.882005144753991,0.660321353629809,0.53717444528559,0.845355114444987,0.764019064506298
209,0.788354817109684,6,0.439520773639065,0.834331995492093,0.88667958869731,0.376180180867932,0.870392344145926,0.552400328270587
210,0.68076109034224,6,0.695928826658962,0.755484836235851,0.639639954338767,0.502360902368152,0.257717658255518,0.458037781030937
211,0.854209598148379,8,0.8053585178982,0.969364456945279,0.781785498684895,0.999159120387763,1.06399057162587,0.790729003286188
212,0.839369084111489,9,1.11145747423088,0.929463770033999,0.798866374392104,1.27050373455005,1.36255192609965,0.767903655124356
214,0.838441551984184,9,0.99250348541739,0.959283602755794,0.638683555682327,1.0854699672912,0.621772807315357,0.78921612499622
217,0.836586487729573,9,0.920821926448874,0.99522687420962,1.06492689602051,1.09241086703669,1.01171339739729,0.985312059325551
218,0.852354533893767,9,1.07994252100089,0.944619396895802,0.825825784344126,1.17127352165859,0.808540357046133,0.779053392041345
219,0.79763013838274,9,0.961088263052058,0.978378217563307,0.967803819703544,0.579651898338669,0.901396133205743,1.02508486564517
220,0.850499469639156,9,0.966698124188724,0.97173317020665,0.826746692076582,1.15911272394877,0.233999306853233,0.834091090713143
221,0.844934276875323,9,0.601009976226568,0.949287638369495,0.641011532091083,1.11222372225281,0.410495115246919,0.94567206380045
222,0.781862092218545,9,0.380729428926801,0.832642744204274,0.678776940645004,0.758247317336335,0.142057855770822,0.784142447804249
223,0.811543120292323,9,1.37811287359375,0.902117610417159,0.959567336749778,0.51899725291933,0.482798212458008,0.783827118852078
224,0.841224148366101,9,0.877389134892995,1.00440332101125,0.807665126226032,0.269658230402325,1.34883323887303,0.877083000468229
225,0.792992477746212,9,0.498611310945283,0.785770100978655,0.672916476276847,1.14224880291413,0.712925532887172,1.07048766213536
227,0.891310883240601,9,0.864399189772093,0.932233413339685,0.595726884227596,1.14628106741792,0.36307680499102,0.701279909458829
228,0.82267350581999,9,0.835153113712939,0.997630771850916,0.637123981620097,0.955697899098897,0.2503685923215,0.780185514204595
229,0.811543120292323,9,1.34365585985654,0.882339469418856,1.03787775397709,1.3007042341257,0.753234128889735,1.25225075015798
230,0.865339983676045,9,1.18326369678021,0.786456175592078,0.740974546504335,0.648961333707051,1.29559501255171,1.0105206992424
231,0.804122863273878,9,0.944956795694622,0.880784138417285,0.645834380808328,0.9157592792519,0.946909157687775,1.02286543756828
232,0.859774790912212,9,1.57261299238101,0.983151657274755,0.461216656992316,0.529173920476497,0.128846537769715,0.813330270199996
233,0.80597792752849,9,1.21016609752004,0.816958835714591,0.724420414692916,0.70339334871932,0.396981065836597,0.77331786756523
234,0.778151963709323,9,1.33924276909569,0.742907634997754,1.14467316295173,1.12808254031883,0.97184928798762,0.790562568929788
235,0.802267799019267,9,1.20834600924015,0.707185700075932,0.917351649029476,1.13145342810506,1.19915840600413,0.758274667777725
236,0.831948827093045,9,0.786883375221445,0.894183684603727,0.960590272373592,1.21106042784995,0.600047976210968,0.755397578299901
237,0.80597792752849,9,0.974526997063895,0.865037923608594,0.944925338073678,0.839876375647783,0.902249646883277,0.915646609775024
238,0.846789341129934,9,1.03259529300743,0.840862003552131,0.874883045900303,0.573175621663575,0.482520501542933,0.788978758118868
240,0.82267350581999,9,1.31301355169226,1.0250340810444,1.28872544186173,0.982548845621147,0.394986054250973,0.976449702839549
241,0.863484919421434,9,0.83625015322411,0.957170058877837,1.07977996691919,0.82000188675906,0.719795646911868,1.10131778396017
242,0.832876359220351,9,0.922268023986326,1.01015318445629,0.794733282586184,1.12773170249017,0.604979250487869,0.847381565652515
244,0.975716306825406,7,0.511077669026766,0.814530270248544,0.604436275228351,0.915846988709066,0.915092865362999,0.704005977275229
245,0.95299176970642,7,0.704181555708902,0.845686228625137,0.683556958424715,0.881366504676272,0.782785486549739,0.482884000809483
246,0.831948827093045,7,0.862354707046731,0.840175617751446,0.645985379022101,0.563411425607678,0.602978977970529,0.768353262205102
247,0.977571371080017,7,0.633771565264699,0.775680509861717,0.540032683644853,0.808658920474166,0.778624338111461,0.761032709827027
248,0.92794840226917,7,0.668989026844881,0.776083776892788,0.923811920231079,1.29220826940992,1.09108851242187,0.899055338429456
249,0.830093762838434,7,1.03689618654554,0.866593457802234,1.02516919916939,1.28188699977471,1.20000479464029,0.875267669366837
250,0.953455535770073,7,0.382287723686987,0.696318741050792,0.652410032424776,0.716319826284944,0.372751616989474,1.00942292862073
251,0.908933993659406,7,0.57712443414245,0.814656195277157,0.746695383719152,0.711443654571667,0.681252901280396,0.826997975114472
252,0.834267657411309,7,0.443958797116073,0.75277847734776,0.770095028450283,0.949698098123541,0.711527036393595,0.942099844717076
253,0.883890626222156,7,1.08313390866975,0.840403188126691,1.09524877299163,0.944561168564639,0.69402851471635,1.09007566187077
254,0.821745973692684,7,1.36913709577509,0.813857939859739,1.06603099414218,0.909384935189187,0.543625104941984,1.03521430490395
255,0.923310741632642,7,0.560008124496577,0.814330707099708,0.915990769644936,0.745492702896238,0.677686652372456,0.762860996691945
256,0.865803749739698,7,0.566864621441391,0.834016915847992,0.738790186571829,0.6673637260309,0.706109933713939,0.633650550850389
257,0.916354250677851,7,0.770789306938254,0.822125490200445,1.02166957607808,0.878231484214044,0.924959059286817,0.967429170016744
258,0.850963235702809,7,1.2520655270319,0.993232080667563,1.10869721904683,0.856633623018295,0.238597195473139,0.692967553002565
259,0.787891051046031,7,1.40634917464831,0.791873951053127,1.17646398355096,1.01816362628243,0.164045899159579,0.680032741640009
260,0.901513736640962,7,0.496043241180499,0.818835520093219,0.806401694462214,1.01595785196099,0.449060561591613,1.02979661181019
261,0.831948827093045,7,0.393781705838111,0.817312713288874,0.645322785269968,0.691249144690584,0.78138520879582,1.03543654345339
262,0.754036128399379,7,0.234125057888587,0.629582190214966,0.609035454488625,0.483681158517587,0.934240502721795,1.12522377247162
263,0.892702181431559,7,1.02113870993055,0.833458378444109,0.973882534520989,0.867311656796831,1.07983740929268,1.04347804596661
264,0.804586629337531,7,1.27132605026779,0.903544858837969,0.913188494673863,1.01589621828839,0.161882869156363,0.590832673739707
265,0.757746256908601,7,1.22703308000429,0.813258852077831,1.11700778164082,0.795015358833058,-0.109006481594638,0.507444033572782
266,0.915426718550545,7,0.885866258388404,0.905301265692137,0.844769014781541,0.99050551570166,0.767220833661188,0.861275581252812
267,0.831948827093045,7,0.559970725422333,0.816746151399723,0.636825905543174,0.757979447913095,0.681913666018817,0.819484303374517
268,0.778615729772976,7,0.501902429478795,0.804459019018915,0.901861705080433,0.718999705780259,0.857650450382534,1.11031358822291
269,0.895021011749823,7,1.05817625979063,0.865275370947212,1.15780006021382,0.969245454442294,0.341201395250547,0.781075367002274
270,0.803195331146573,7,1.4399460096779,0.889331164635398,1.12354304359803,0.663173821556805,0.25799553486923,0.362248985084309
271,0.902441268768267,7,0.548040420738354,0.827452269212253,0.791516203183499,0.71247246279897,0.809086002656719,0.965585402208752
272,0.832412593156698,7,0.458694032368383,0.952768977853065,0.851530421534391,0.835078431288195,0.826908879415255,0.892865304384377
273,0.767485344245309,7,0.619023863654306,0.898793326635049,0.957800343441549,0.458366312758684,0.95263300996858,1.06319610382334
274,0.893165947495212,7,1.21088914628877,0.954112271787313,1.22625089184152,0.259334590241257,0.553400993108809,0.996909628872795
